model,accuracy,precision,recall,f1,train_size,test_size
RandomForest,0.9996833333333334,0.9994003398074425,0.9999666666666667,0.9996834230301415,140000,60000
