model,accuracy,f1
RandomForest,0.9996833333333334,0.9996834230301415
MLP,0.9990333333333333,0.9990342347142667
