model,accuracy,f1
RandomForest,0.9938666666666667,0.9938350197681431
MLP_Before_Attack,0.9858,0.985612968591692
MLP_After_PGD,0.9984,0.9983993597438976
